{
  "name": "web_interface",
  "description": "A flask base web site that visualize information of plants",
  "endpoints": [
    {
      "path": "/",
      "method": "GET",
      "description": "Retrieve the index page with a list of plants.",
      "responses": {
        "200": {
          "description": "Successful response with the index page.",
          "content": {
            "text/html": {}
          }
        },
        "500": {
          "description": "Server error.",
          "content": {
            "application/json": {
              "$ref": "#/definitions/error"
            }
          }
        }
      }
    },
    {
      "path": "/login",
      "method": "POST",
      "description": "Authenticate a user and log them into the system.",
      "requestBody": {
        "required": true,
        "content": {
          "application/x-www-form-urlencoded": {
            "schema": {
              "type": "object",
              "properties": {
                "username": {
                  "type": "string"
                },
                "password": {
                  "type": "string"
                },
                "plant_id": {
                  "type": "integer"
                }
              },
              "required": ["username", "password", "plant_id"]
            }
          }
        }
      },
      "responses": {
        "302": {
          "description": "Redirect to the plant detail page upon successful login."
        },
        "403": {
          "description": "Invalid credentials. Redirect to login page.",
          "content": {
            "application/json": {
              "$ref": "#/definitions/error"
            }
          }
        },
        "500": {
          "description": "Server error.",
          "content": {
            "application/json": {
              "$ref": "#/definitions/error"
            }
          }
        }
      }
    },
    {
      "path": "/plant/{plant_id}",
      "method": "GET",
      "description": "Retrieve detailed information about a specific plant.",
      "parameters": [
        {
          "name": "plant_id",
          "in": "path",
          "required": true,
          "description": "The ID of the plant.",
          "schema": {
            "type": "integer"
          }
        }
      ],
      "responses": {
        "200": {
          "description": "Successful response with plant details.",
          "content": {
            "text/html": {}
          }
        },
        "403": {
          "description": "User not logged in or unauthorized.",
          "content": {
            "application/json": {
              "$ref": "#/definitions/error"
            }
          }
        },
        "404": {
          "description": "Plant not found.",
          "content": {
            "application/json": {
              "$ref": "#/definitions/error"
            }
          }
        },
        "500": {
          "description": "Server error.",
          "content": {
            "application/json": {
              "$ref": "#/definitions/error"
            }
          }
        }
      }
    },
    {
      "path": "/send_status_message",
      "method": "POST",
      "description": "Send a status message to update the status of a device.",
      "requestBody": {
        "required": true,
        "content": {
          "application/json": {
            "schema": {
              "type": "object",
              "properties": {
                "device_id": {
                  "type": "integer"
                },
                "status": {
                  "type": "string"
                }
              },
              "required": ["device_id", "status"]
            }
          }
        }
      },
      "responses": {
        "200": {
          "description": "Status message sent successfully.",
          "content": {
            "application/json": {
              "$ref": "#/definitions/success"
            }
          }
        },
        "400": {
          "description": "Invalid input data.",
          "content": {
            "application/json": {
              "$ref": "#/definitions/error"
            }
          }
        },
        "500": {
          "description": "Server error.",
          "content": {
            "application/json": {
              "$ref": "#/definitions/error"
            }
          }
        }
      }
    },
    {
      "path": "/get_report/{plant_id}",
      "method": "GET",
      "description": "Download the report for a specific plant.",
      "parameters": [
        {
          "name": "plant_id",
          "in": "path",
          "required": true,
          "description": "The ID of the plant.",
          "schema": {
            "type": "integer"
          }
        }
      ],
      "responses": {
        "200": {
          "description": "Successful response with the report PDF.",
          "content": {
            "application/pdf": {}
          }
        },
        "403": {
          "description": "User not logged in or unauthorized.",
          "content": {
            "application/json": {
              "$ref": "#/definitions/error"
            }
          }
        },
        "404": {
          "description": "Report not found.",
          "content": {
            "application/json": {
              "$ref": "#/definitions/error"
            }
          }
        },
        "500": {
          "description": "Server error.",
          "content": {
            "application/json": {
              "$ref": "#/definitions/error"
            }
          }
        }
      }
    }
  ],
  "definitions": {
    "error": {
      "type": "object",
      "properties": {
        "success": {
          "type": "boolean",
          "example": false
        },
        "message": {
          "type": "string",
          "example": "Error message."
        },
        "status": {
          "type": "integer",
          "example": 400
        }
      },
      "required": ["success", "message", "status"]
    },
    "success": {
      "type": "object",
      "properties": {
        "success": {
          "type": "boolean",
          "example": true
        },
        "message": {
          "type": "string",
          "example": "Operation successful."
        }
      },
      "required": ["success", "message"]
    }
  },
  "host": "http://interface:5000"
}
